{"accuracy": [0.6021196246147156, 0.8539725542068481, 0.9127676486968994, 0.9388861060142517, 0.9542357325553894, 0.9638523459434509, 0.9700547456741333, 0.9751617908477783, 0.9774948358535767, 0.9804680347442627], "loss": [1.355183720588684, 0.45774611830711365, 0.2709057927131653, 0.18896861374378204, 0.14058169722557068, 0.11135793477296829, 0.09112078696489334, 0.07493401318788528, 0.06962502002716064, 0.059943050146102905], "val_accuracy": [0.834054172039032, 0.8996130228042603, 0.9207261800765991, 0.9338720440864563, 0.9571477174758911, 0.9597086310386658, 0.9623264074325562, 0.9602208137512207, 0.9639198780059814, 0.9681311249732971], "val_loss": [0.5264589190483093, 0.30570244789123535, 0.2378748655319214, 0.2022150307893753, 0.1291474997997284, 0.12518928945064545, 0.1193002238869667, 0.13726092875003815, 0.12364347279071808, 0.1021086648106575]}